City_ID,City,Country,Date,Lat,Lng,Max Temp,Humidity,Cloudiness,Wind Speed
0,Omsukchan,RU,2022-09-17 01:32:08,62.5333,155.8,33.75,82,100,7.9
1,Ventanas,EC,2022-09-17 01:32:08,-1.45,-79.4667,76.46,70,100,3.91
2,Nnewi,NG,2022-09-17 01:32:09,6.0199,6.9148,70.84,99,100,1.97
3,Albany,US,2022-09-17 01:30:37,42.6001,-73.9662,59.65,80,91,4.14
4,Mangrol,IN,2022-09-17 01:32:09,21.1167,70.1167,79.74,76,90,9.93
5,Sibolga,ID,2022-09-17 01:32:10,1.7427,98.7792,82.54,69,89,1.83
6,Arkadelphia,US,2022-09-17 01:27:16,34.1209,-93.0538,81.57,56,0,4.25
7,Busselton,AU,2022-09-17 01:32:10,-33.65,115.3333,59.7,81,100,10.16
8,Victoria,HK,2022-09-17 01:32:03,22.2855,114.1577,90.97,76,4,4.0
9,Porto Santo,PT,2022-09-17 01:32:11,33.072,-16.3415,73.78,88,40,13.8
10,Ramnagar,IN,2022-09-17 01:32:11,29.4,79.1167,70.99,99,100,2.37
11,Vaini,TO,2022-09-17 01:32:11,-21.2,-175.2,78.96,83,40,8.05
12,Sinnamary,GF,2022-09-17 01:32:12,5.3833,-52.95,79.63,88,24,11.74
13,Mount Gambier,AU,2022-09-17 01:27:23,-37.8333,140.7667,53.51,82,75,20.71
14,Port Alfred,ZA,2022-09-17 01:32:12,-33.5906,26.891,59.18,88,100,4.0
15,Kungurtug,RU,2022-09-17 01:32:13,50.5994,97.5228,41.79,83,100,1.25
16,Punta Arenas,CL,2022-09-17 01:30:30,-53.15,-70.9167,41.11,70,75,19.57
17,Tuatapere,NZ,2022-09-17 01:32:13,-46.1333,167.6833,54.07,48,100,0.72
18,Iwanai,JP,2022-09-17 01:32:14,42.9744,140.5089,76.48,68,100,4.99
19,Salym,RU,2022-09-17 01:32:14,60.0625,71.4789,47.19,74,69,4.94
20,Portland,US,2022-09-17 01:30:00,45.5234,-122.6762,69.53,67,100,11.5
21,Puerto Ayora,EC,2022-09-17 01:32:15,-0.7393,-90.3518,65.55,94,22,1.99
22,Ponta Do Sol,PT,2022-09-17 01:29:04,32.6667,-17.1,75.7,66,22,6.6
23,Huilong,CN,2022-09-17 01:32:15,31.8111,121.655,78.8,76,37,6.24
24,Hermanus,ZA,2022-09-17 01:32:16,-34.4187,19.2345,55.8,83,73,5.53
25,Upernavik,GL,2022-09-17 01:32:16,72.7868,-56.1549,34.41,87,9,15.17
26,Beaverlodge,CA,2022-09-17 01:32:16,55.2166,-119.4361,54.75,92,100,12.48
27,Mahanoro,MG,2022-09-17 01:32:17,-19.9,48.8,65.37,86,26,5.19
28,Nikolskoye,RU,2022-09-17 01:32:17,59.7035,30.7861,46.29,97,79,6.87
29,Kodiak,US,2022-09-17 01:32:17,57.79,-152.4072,53.11,87,100,11.5
30,Santa Rosa Del Sur,CO,2022-09-17 01:32:18,7.9644,-74.0544,68.94,97,100,2.86
31,Puerto Carreno,CO,2022-09-17 01:32:18,6.189,-67.4859,76.01,91,100,7.56
32,Chuy,UY,2022-09-17 01:32:19,-33.6971,-53.4616,56.07,79,0,11.56
33,Kapaa,US,2022-09-17 01:29:14,22.0752,-159.319,84.18,73,100,6.91
34,Nago,JP,2022-09-17 01:32:19,26.5881,127.9761,85.05,92,99,21.7
35,Samfya,ZM,2022-09-17 01:32:19,-11.3649,29.5565,64.11,52,15,8.19
36,Souillac,MU,2022-09-17 01:32:20,-20.5167,57.5167,70.18,78,40,12.66
37,Avarua,CK,2022-09-17 01:31:18,-21.2078,-159.775,78.85,65,20,14.97
38,Hobyo,SO,2022-09-17 01:32:20,5.3505,48.5268,75.63,85,32,23.22
39,Esfahan,IR,2022-09-17 01:28:52,32.6572,51.6776,58.64,25,0,2.13
40,Harper,LR,2022-09-17 01:32:21,4.375,-7.7169,76.53,84,96,10.47
41,Itarema,BR,2022-09-17 01:32:21,-2.9248,-39.9167,77.74,80,29,15.64
42,Iqaluit,CA,2022-09-17 01:32:21,63.7506,-68.5145,38.93,86,75,0.0
43,Cidreira,BR,2022-09-17 01:32:22,-30.1811,-50.2056,60.53,81,0,14.03
44,Santo Antonio Do Ica,BR,2022-09-17 01:32:22,-3.1022,-67.9397,78.84,74,100,0.76
45,Gat,IL,2022-09-17 01:33:07,31.61,34.7642,75.88,100,7,3.83
46,Lipin Bor,RU,2022-09-17 01:33:23,60.2622,37.9763,49.24,92,99,9.28
47,Talnakh,RU,2022-09-17 01:33:23,69.4865,88.3972,27.21,82,75,2.68
48,Simao,CN,2022-09-17 01:29:55,22.7886,100.9748,66.79,98,98,1.79
49,Korla,CN,2022-09-17 01:33:24,41.7597,86.1469,70.81,22,0,5.3
50,Usinsk,RU,2022-09-17 01:33:24,65.9939,57.5281,49.01,77,100,10.09
51,Wyndham,US,2022-09-17 01:33:25,37.6985,-77.6125,68.99,86,0,0.0
52,Rio Gallegos,AR,2022-09-17 01:33:25,-51.6226,-69.2181,39.25,65,75,5.75
53,Goderich,CA,2022-09-17 01:30:38,43.7501,-81.7165,65.91,88,52,3.44
54,Ayios Nikolaos,GR,2022-09-17 01:33:25,38.4167,23.65,77.92,66,0,3.49
55,Saint-Augustin,CA,2022-09-17 01:33:26,51.226,-58.6502,47.37,74,97,22.86
56,Ushuaia,AR,2022-09-17 01:33:27,-54.8,-68.3,42.46,61,75,8.05
57,Shaoyang,CN,2022-09-17 01:33:28,27.2315,111.4525,87.58,37,5,3.0
58,Cape Town,ZA,2022-09-17 01:29:15,-33.9258,18.4232,56.12,85,75,1.14
59,Baglung,NP,2022-09-17 01:33:28,28.2719,83.5898,67.12,97,100,2.39
60,Barrow,US,2022-09-17 01:33:29,71.2906,-156.7887,33.82,86,100,29.93
61,Hovd,MN,2022-09-17 01:33:29,48.0056,91.6419,44.91,62,85,4.79
62,Ulladulla,AU,2022-09-17 01:33:29,-35.35,150.4667,65.3,41,5,13.87
63,Savelugu,GH,2022-09-17 01:33:30,9.6244,-0.8253,71.76,92,94,4.97
64,Hami,CN,2022-09-17 01:33:30,42.8,93.45,70.2,14,0,1.52
65,Muriwai Beach,NZ,2022-09-17 01:33:31,-36.8167,174.45,60.76,66,92,9.08
66,Formosa Do Rio Preto,BR,2022-09-17 01:33:31,-11.0483,-45.1931,79.93,31,13,3.22
67,Rikitea,PF,2022-09-17 01:33:31,-23.1203,-134.9692,72.27,72,0,15.55
68,Cherskiy,RU,2022-09-17 01:31:28,68.75,161.3,40.5,64,94,13.51
69,Georgetown,MY,2022-09-17 01:33:32,5.4112,100.3354,84.88,85,20,1.14
70,Faanui,PF,2022-09-17 01:33:32,-16.4833,-151.75,78.19,71,21,22.21
71,Mataura,NZ,2022-09-17 01:33:32,-46.1927,168.8643,56.08,44,18,2.1
72,Arraial Do Cabo,BR,2022-09-17 01:33:33,-22.9661,-42.0278,66.34,74,99,9.17
73,Castro,BR,2022-09-17 01:33:33,-24.7911,-50.0119,48.9,94,69,9.42
74,Loukhi,RU,2022-09-17 01:33:34,66.0764,33.0381,49.14,98,100,11.18
75,Kudahuvadhoo,MV,2022-09-17 01:33:34,2.6708,72.8944,81.1,67,20,3.98
76,Los Llanos De Aridane,ES,2022-09-17 01:33:34,28.6585,-17.9182,71.35,89,0,11.5
77,Sabang,ID,2022-09-17 01:33:35,5.8933,95.3214,82.33,76,97,19.71
78,Pangnirtung,CA,2022-09-17 01:33:35,66.1451,-65.7125,40.77,73,100,5.97
79,New Norfolk,AU,2022-09-17 01:33:36,-42.7826,147.0587,57.92,69,100,1.99
80,Bambous Virieux,MU,2022-09-17 01:33:36,-20.3428,57.7575,70.21,78,40,12.66
81,Bardiyah,LY,2022-09-17 01:33:36,31.7561,25.0865,71.17,63,0,2.93
82,Kingston,JM,2022-09-17 01:32:54,17.997,-76.7936,85.15,81,20,10.36
83,Maragogi,BR,2022-09-17 01:31:25,-9.0122,-35.2225,73.62,72,16,5.91
84,Qaanaaq,GL,2022-09-17 01:33:37,77.484,-69.3632,26.1,79,41,7.25
85,Fort Smith,US,2022-09-17 01:30:39,35.3859,-94.3986,80.92,54,0,4.76
86,Malpe,IN,2022-09-17 01:33:37,13.35,74.7167,76.3,90,68,5.3
87,Sao Miguel Do Araguaia,BR,2022-09-17 01:33:38,-13.275,-50.1628,85.71,24,19,2.98
88,Port Elizabeth,ZA,2022-09-17 01:33:38,-33.918,25.5701,60.31,84,0,10.36
89,Walvis Bay,NA,2022-09-17 01:33:38,-22.9575,14.5053,56.35,94,26,12.66
90,Sitka,US,2022-09-17 01:33:10,57.0531,-135.33,62.49,48,40,8.05
91,Tuy Hoa,VN,2022-09-17 01:33:39,13.0833,109.3,86.56,63,88,11.9
92,Kerrobert,CA,2022-09-17 01:34:39,51.9168,-109.1348,59.05,78,100,0.43
93,Hilo,US,2022-09-17 01:33:05,19.7297,-155.09,87.28,73,0,13.8
94,Saldanha,ZA,2022-09-17 01:34:40,-33.0117,17.9442,56.55,86,81,8.14
95,Lebu,CL,2022-09-17 01:34:40,-37.6167,-73.65,45.18,93,100,14.43
96,Bairiki,KI,2022-09-17 01:34:40,1.3292,172.9752,87.8,62,20,9.22
97,Narsaq,GL,2022-09-17 01:34:41,60.9167,-46.05,61.02,69,100,14.47
98,The Valley,AI,2022-09-17 01:34:41,18.217,-63.0578,83.1,79,77,30.51
99,Kieta,PG,2022-09-17 01:34:42,-6.2167,155.6333,85.01,62,97,4.38
100,Pevek,RU,2022-09-17 01:34:42,69.7008,170.3133,36.3,73,100,11.99
101,Port Lincoln,AU,2022-09-17 01:34:42,-34.7333,135.8667,58.17,65,12,28.01
102,Chake Chake,TZ,2022-09-17 01:34:43,-5.2459,39.7666,71.8,81,47,6.71
103,East London,ZA,2022-09-17 01:30:11,-33.0153,27.9116,63.86,80,100,16.53
104,Norman Wells,CA,2022-09-17 01:34:43,65.282,-126.8329,55.44,71,40,6.91
105,Leningradskiy,RU,2022-09-17 01:34:43,69.3833,178.4167,35.26,98,100,16.42
106,Heron,BE,2022-09-17 01:34:44,50.5473,5.0977,49.78,92,98,8.23
107,Daru,PG,2022-09-17 01:34:44,-9.0763,143.2092,80.8,81,100,5.66
108,Viedma,AR,2022-09-17 01:34:44,-40.8135,-62.9967,50.61,78,100,8.05
109,Sao Joao Da Barra,BR,2022-09-17 01:34:45,-21.6403,-41.0511,64.11,87,100,10.89
110,Yashkul,RU,2022-09-17 01:34:45,46.1711,45.3435,69.3,48,63,9.64
111,Butaritari,KI,2022-09-17 01:34:45,3.0707,172.7902,82.26,71,48,14.23
112,Chokurdakh,RU,2022-09-17 01:34:46,70.6333,147.9167,37.13,71,90,2.75
113,Thenzawl,IN,2022-09-17 01:34:46,23.3167,92.75,72.66,87,29,1.07
114,Bengkulu,ID,2022-09-17 01:34:47,-3.8004,102.2655,80.83,76,52,3.44
115,Bani Walid,LY,2022-09-17 01:34:47,31.7566,13.9942,70.29,76,0,3.44
116,Comodoro Rivadavia,AR,2022-09-17 01:30:11,-45.8667,-67.5,40.86,56,0,5.75
117,Codrington,AU,2022-09-17 01:34:48,-38.2667,141.9667,53.19,87,100,23.09
118,Severo-Kurilsk,RU,2022-09-17 01:34:48,50.6789,156.125,52.77,71,14,16.53
119,Bredasdorp,ZA,2022-09-17 01:34:14,-34.5322,20.0403,52.03,92,56,3.29
120,Bom Jesus,BR,2022-09-17 01:34:48,-9.0744,-44.3586,80.51,36,28,3.29
121,Bathsheba,BB,2022-09-17 01:34:49,13.2167,-59.5167,84.81,79,20,17.27
122,Peddapalli,IN,2022-09-17 01:34:49,18.6167,79.3667,76.55,86,96,8.55
123,Mafinga,TZ,2022-09-17 01:34:49,-7.25,35.0667,64.44,64,9,2.53
124,Adrar,MR,2022-09-17 01:34:50,20.5022,-10.0711,83.17,26,1,8.19
125,Vestmannaeyjar,IS,2022-09-17 01:34:50,63.4427,-20.2734,50.02,85,100,8.68
126,Thompson,CA,2022-09-17 01:34:51,55.7435,-97.8558,57.36,62,40,2.3
127,Novopokrovka,UA,2022-09-17 01:34:51,49.8425,36.5477,53.4,89,42,5.03
128,South Hill,US,2022-09-17 01:34:51,47.1412,-122.2701,66.27,60,100,0.0
129,Enterprise,US,2022-09-17 01:33:36,36.0252,-115.2419,89.24,20,20,11.5
130,Touros,BR,2022-09-17 01:34:52,-5.1989,-35.4608,74.48,80,30,11.72
131,Amazar,RU,2022-09-17 01:34:52,53.858,120.875,39.65,97,100,14.29
132,Lorengau,PG,2022-09-17 01:34:53,-2.0226,147.2712,86.14,58,42,9.01
133,Tasiilaq,GL,2022-09-17 01:34:53,65.6145,-37.6368,39.36,96,100,12.46
134,Srednekolymsk,RU,2022-09-17 01:34:53,67.45,153.6833,39.51,63,95,9.64
135,Bar Harbor,US,2022-09-17 01:34:54,44.3876,-68.2039,57.02,59,0,10.0
136,Iskateley,RU,2022-09-17 01:34:54,67.6803,53.1512,48.45,92,99,7.27
137,Nome,US,2022-09-17 01:34:54,64.5011,-165.4064,50.07,87,100,21.85
138,Butka,RU,2022-09-17 01:35:55,56.7179,63.7866,48.36,49,97,10.92
139,Finschhafen,PG,2022-09-17 01:35:55,-6.6024,147.8681,84.83,68,62,6.69
140,Wilmington,US,2022-09-17 01:35:24,34.2257,-77.9447,72.9,82,0,1.99
141,Nemuro,JP,2022-09-17 01:35:56,43.3236,145.575,65.53,88,100,12.03
142,Khatanga,RU,2022-09-17 01:35:56,71.9667,102.5,30.02,91,96,15.41
143,Ilulissat,GL,2022-09-17 01:35:56,69.2167,-51.1,37.42,93,94,10.36
144,Amuntai,ID,2022-09-17 01:35:57,-2.4177,115.2494,83.14,70,100,1.01
145,Bluff,NZ,2022-09-17 01:35:57,-46.6,168.3333,50.2,60,17,8.43
146,Olafsvik,IS,2022-09-17 01:35:58,64.8945,-23.7142,48.36,83,100,1.14
147,Springbok,ZA,2022-09-17 01:35:58,-29.6643,17.8865,53.17,48,16,2.91
148,Cockburn Town,TC,2022-09-17 01:35:58,21.4612,-71.1419,83.7,78,95,20.78
149,Kavaratti,IN,2022-09-17 01:35:59,10.5669,72.642,80.62,78,25,10.49
150,Basco,PH,2022-09-17 01:35:59,20.4487,121.9702,83.01,73,92,16.75
151,Gazojak,TM,2022-09-17 01:35:59,41.1875,61.4036,64.13,50,10,9.6
152,La Ronge,CA,2022-09-17 01:31:19,55.1001,-105.2842,59.25,67,75,3.44
153,Visby,SE,2022-09-17 01:32:08,57.6409,18.296,56.05,76,75,13.8
154,Nakhon Phanom,TH,2022-09-17 01:36:00,17.3333,104.4167,84.52,83,100,7.02
155,Deputatskiy,RU,2022-09-17 01:36:00,69.3,139.9,35.04,63,38,5.86
156,San Policarpo,PH,2022-09-17 01:36:01,12.1791,125.5072,86.74,62,97,7.81
157,Inhambane,MZ,2022-09-17 01:36:01,-23.865,35.3833,67.03,85,0,8.08
158,Lompoc,US,2022-09-17 01:36:02,34.6391,-120.4579,69.94,81,0,17.27
159,Valparaiso,CL,2022-09-17 01:32:09,-33.0393,-71.6273,55.99,100,100,4.38
160,Lithakia,GR,2022-09-17 01:36:02,37.7167,20.8333,69.17,88,0,0.0
161,Yarada,IN,2022-09-17 01:36:02,17.65,83.2667,80.92,94,40,4.61
162,Villa Carlos Paz,AR,2022-09-17 01:36:03,-31.4241,-64.4978,64.38,28,100,8.46
163,Badvel,IN,2022-09-17 01:36:03,14.75,79.05,80.08,71,77,11.9
164,Dharchula,IN,2022-09-17 01:36:03,29.85,80.5333,71.13,85,95,1.52
165,Mar Del Plata,AR,2022-09-17 01:36:04,-38.0023,-57.5575,58.08,93,0,15.99
166,Chernyshevskiy,RU,2022-09-17 01:36:04,63.0128,112.4714,36.5,68,12,9.06
167,Tornio,FI,2022-09-17 01:36:04,65.8481,24.1466,50.02,91,100,15.75
168,Kruisfontein,ZA,2022-09-17 01:36:05,-34.0033,24.7314,55.89,81,100,10.07
169,Fortuna,US,2022-09-17 01:36:05,40.5982,-124.1573,62.65,74,66,5.99
170,Saint Anthony,US,2022-09-17 01:36:06,45.0205,-93.218,69.84,89,100,6.91
171,Acajutla,SV,2022-09-17 01:36:06,13.5928,-89.8275,79.56,82,100,0.56
172,Coquimbo,CL,2022-09-17 01:32:06,-29.9533,-71.3436,55.13,87,100,8.05
173,Margate,GB,2022-09-17 01:36:06,51.3813,1.3862,52.7,73,68,8.99
174,Broome,US,2022-09-17 01:36:07,42.2506,-75.833,61.66,76,100,4.61
175,Lieksa,FI,2022-09-17 01:36:07,63.3167,30.0167,48.06,91,100,5.66
176,Atuona,PF,2022-09-17 01:35:49,-9.8,-139.0333,76.68,71,10,18.66
177,Yellowknife,CA,2022-09-17 01:36:08,62.456,-114.3525,59.56,67,40,9.22
178,Ribeira Grande,PT,2022-09-17 01:36:08,38.5167,-28.7,73.54,85,40,10.58
179,Coihueco,CL,2022-09-17 01:36:09,-36.6167,-71.8333,50.74,82,20,5.75
180,Camacari,BR,2022-09-17 01:36:09,-12.6975,-38.3242,76.77,87,0,2.95
181,Carnarvon,AU,2022-09-17 01:36:09,-24.8667,113.6333,71.22,42,0,10.8
182,Lubango,AO,2022-09-17 01:34:19,-14.9172,13.4925,61.23,47,8,4.41
183,Provideniya,RU,2022-09-17 01:37:10,64.3833,-173.3,44.38,95,100,32.99
184,Sola,VU,2022-09-17 01:37:10,-13.8833,167.55,80.2,77,20,19.26
185,Mahebourg,MU,2022-09-17 01:37:11,-20.4081,57.7,70.25,78,40,12.66
186,Port Macquarie,AU,2022-09-17 01:37:11,-31.4333,152.9167,77.9,38,2,8.46
187,Bubaque,GW,2022-09-17 01:37:11,11.2833,-15.8333,81.1,83,100,11.45
188,Casablanca,MA,2022-09-17 01:37:07,33.5928,-7.6192,71.33,78,15,8.99
189,Belaya Gora,RU,2022-09-17 01:37:12,68.5333,146.4167,40.75,55,10,2.75
190,Chiredzi,ZW,2022-09-17 01:37:12,-21.05,31.6667,61.27,57,0,4.68
191,Nicoya,CR,2022-09-17 01:37:13,10.1483,-85.452,74.57,95,100,1.16
192,Shenzhen,CN,2022-09-17 01:33:25,22.5455,114.0683,91.85,62,1,1.99
193,Tommot,RU,2022-09-17 01:37:13,58.9564,126.2925,52.0,51,25,2.51
194,Wattegama,LK,2022-09-17 01:37:13,6.7989,81.4808,78.69,68,9,5.21
195,Hamilton,US,2022-09-17 01:37:00,39.1834,-84.5333,72.72,79,0,5.75
196,Assiniboia,CA,2022-09-17 01:37:14,49.6334,-105.9845,62.42,51,7,11.5
197,Port-Gentil,GA,2022-09-17 01:37:14,-0.7193,8.7815,76.01,78,100,9.73
198,Maarianhamina,AX,2022-09-17 01:37:15,60.0973,19.9348,48.06,100,20,2.3
199,Hervey Bay,AU,2022-09-17 01:37:15,-25.2986,152.8535,73.02,90,87,5.99
200,Taoudenni,ML,2022-09-17 01:37:15,22.6783,-3.9836,90.27,17,0,10.47
201,Tyup,KG,2022-09-17 01:37:16,42.7276,78.3648,58.82,27,6,2.24
202,Bocas Del Toro,PA,2022-09-17 01:37:16,9.3333,-82.25,80.73,78,96,4.83
203,Russkaya Polyana,UA,2022-09-17 01:37:16,49.417,31.9201,57.56,69,100,1.03
204,Askarovo,RU,2022-09-17 01:37:17,53.3372,58.5089,47.35,100,100,4.47
205,Pando,UY,2022-09-17 01:37:17,-34.7167,-55.95,60.89,72,0,11.5
206,Esperance,AU,2022-09-17 01:37:18,-33.8667,121.9,59.31,67,48,13.58
207,Bethel,US,2022-09-17 01:35:27,41.3712,-73.414,63.68,78,0,0.0
208,Panaba,MX,2022-09-17 01:37:18,21.2833,-88.2667,74.52,95,100,4.18
209,Road Town,VG,2022-09-17 01:37:18,18.4167,-64.6167,84.29,76,36,28.1
210,Uray,RU,2022-09-17 01:37:19,60.1247,64.7758,49.06,63,100,9.19
211,Oranjemund,NA,2022-09-17 01:37:19,-28.55,16.4333,54.27,93,8,6.17
212,Jumla,NP,2022-09-17 01:37:19,29.2747,82.1838,60.31,93,100,2.01
213,Todos Santos,MX,2022-09-17 01:37:20,23.45,-110.2167,77.67,92,0,4.74
214,Belebey,RU,2022-09-17 01:37:20,54.1167,54.1167,52.65,92,95,10.38
215,Palaikastron,GR,2022-09-17 01:37:21,35.2,26.25,73.26,64,0,3.0
216,Kaitangata,NZ,2022-09-17 01:33:53,-46.2817,169.8464,55.22,50,8,2.64
217,Fredericksburg,US,2022-09-17 01:34:44,38.3032,-77.4605,68.92,80,0,0.0
218,Coihaique,CL,2022-09-17 01:37:02,-45.5752,-72.0662,36.21,86,0,3.44
219,Muravlenko,RU,2022-09-17 01:37:21,63.7898,74.523,47.88,76,100,11.36
220,Eureka,US,2022-09-17 01:32:28,40.8021,-124.1637,62.92,77,27,5.01
221,Waipawa,NZ,2022-09-17 01:37:22,-41.4122,175.5153,55.26,55,29,2.04
222,Yulara,AU,2022-09-17 01:37:22,-25.2406,130.9889,69.06,23,0,10.56
223,Yavatmal,IN,2022-09-17 01:37:22,20.4,78.1333,72.97,92,99,9.69
224,Mandera,KE,2022-09-17 01:37:23,3.9366,41.867,73.45,68,16,13.49
225,Saint George,US,2022-09-17 01:37:23,37.1041,-113.5841,84.94,29,0,10.36
226,Longyearbyen,SJ,2022-09-17 01:37:23,78.2186,15.6401,31.84,74,75,10.36
227,Kitwe,ZM,2022-09-17 01:34:29,-12.7961,28.2477,61.9,50,52,4.18
228,Pisco,PE,2022-09-17 01:37:24,-13.7,-76.2167,59.05,88,20,9.22
229,Luderitz,NA,2022-09-17 01:37:24,-26.6481,15.1594,61.7,73,93,9.82
230,Jamestown,US,2022-09-17 01:36:32,42.097,-79.2353,65.84,75,0,1.01
231,Torbay,CA,2022-09-17 01:37:25,47.6666,-52.7314,56.39,91,75,12.66
232,Klaksvik,FO,2022-09-17 01:37:25,62.2266,-6.589,49.12,84,100,11.45
233,Port Augusta,AU,2022-09-17 01:38:25,-32.5,137.7667,60.13,50,100,20.24
234,Praia,CV,2022-09-17 01:38:26,14.9215,-23.5087,79.34,89,40,14.97
235,Airai,TL,2022-09-17 01:38:26,-8.9266,125.4092,79.18,25,75,3.0
236,Vestmanna,FO,2022-09-17 01:38:27,62.1564,-7.1664,47.32,81,75,12.66
237,Hithadhoo,MV,2022-09-17 01:36:04,-0.6,73.0833,81.25,74,100,6.44
238,Hobart,AU,2022-09-17 01:38:27,-42.8794,147.3294,58.26,70,75,10.36
239,Koungou,YT,2022-09-17 01:38:27,-12.7336,45.2042,71.31,83,0,8.05
240,Barcelos,PT,2022-09-17 01:38:28,41.5388,-8.6151,67.91,90,92,2.21
241,Dikson,RU,2022-09-17 01:38:28,73.5069,80.5464,32.52,86,21,7.54
242,Mount Isa,AU,2022-09-17 01:38:28,-20.7333,139.5,85.77,15,0,10.36
243,Namatanai,PG,2022-09-17 01:38:29,-3.6667,152.4333,85.41,60,17,8.1
244,Mujiayingzi,CN,2022-09-17 01:38:29,42.1167,118.7833,80.01,32,0,11.77
245,Westport,US,2022-09-17 01:38:29,41.1415,-73.3579,66.74,71,93,3.0
246,Neiafu,TO,2022-09-17 01:38:30,-18.65,-173.9833,83.08,78,20,10.36
247,Antofagasta,CL,2022-09-17 01:38:30,-23.65,-70.4,56.48,85,20,2.59
248,Zaysan,KZ,2022-09-17 01:38:31,47.4667,84.8667,52.21,40,0,1.45
249,Katsuura,JP,2022-09-17 01:38:31,35.1333,140.3,82.2,66,100,10.2
250,Pangody,RU,2022-09-17 01:38:31,65.85,74.4859,50.13,71,100,8.72
251,Charters Towers,AU,2022-09-17 01:38:32,-20.1,146.2667,88.65,33,13,5.64
252,Kanker,IN,2022-09-17 01:38:32,20.2719,81.4931,75.22,87,99,8.84
253,Haines Junction,CA,2022-09-17 01:36:12,60.7522,-137.5108,58.95,36,6,2.3
254,Pyapon,MM,2022-09-17 01:38:33,16.2833,95.6833,81.0,82,98,4.72
255,San Quintin,MX,2022-09-17 01:38:33,30.4833,-115.95,68.5,77,0,13.24
256,Tres Arroyos,AR,2022-09-17 01:38:33,-38.3739,-60.2798,61.81,47,100,17.54
257,Husavik,IS,2022-09-17 01:38:34,66.0449,-17.3389,42.64,92,100,6.82
258,Baturaja,ID,2022-09-17 01:38:34,-4.1333,104.1667,81.77,74,100,1.48
259,Stornoway,GB,2022-09-17 01:38:34,58.2093,-6.3865,49.96,91,75,3.44
260,Amapa,BR,2022-09-17 01:38:35,1.0,-52.0,71.73,92,31,3.29
261,Concarneau,FR,2022-09-17 01:38:35,47.875,-3.9225,50.79,80,0,6.6
262,Makakilo City,US,2022-09-17 01:38:35,21.3469,-158.0858,82.72,71,20,11.5
263,Vanimo,PG,2022-09-17 01:38:36,-2.6741,141.3028,84.02,71,66,8.61
264,Nara,JP,2022-09-17 01:38:36,34.6851,135.8049,83.52,61,100,12.86
265,Mirnyy,RU,2022-09-17 01:38:37,62.5353,113.9611,41.23,86,97,7.0
266,Teguise,ES,2022-09-17 01:38:37,29.0605,-13.564,70.02,78,20,14.97
267,Red Bluff,US,2022-09-17 01:36:58,40.1785,-122.2358,84.58,24,0,10.36
268,Sorong,ID,2022-09-17 01:36:53,-0.8833,131.25,82.87,72,100,8.59
269,Manokwari,ID,2022-09-17 01:38:37,-0.8667,134.0833,80.69,74,100,2.86
270,Roros,NO,2022-09-17 01:38:38,62.5747,11.3842,42.64,87,100,6.91
271,Petropavlovsk-Kamchatskiy,RU,2022-09-17 01:34:52,53.0452,158.6483,57.79,44,75,15.66
272,Paamiut,GL,2022-09-17 01:38:38,61.994,-49.6678,45.99,99,100,7.2
273,Svetlyy,RU,2022-09-17 01:38:39,54.675,20.1347,51.96,86,100,21.56
274,Vila Velha,BR,2022-09-17 01:38:01,-20.3297,-40.2925,66.15,97,100,16.11
275,Trairi,BR,2022-09-17 01:35:03,-3.2778,-39.2689,77.59,79,27,11.39
276,Hirara,JP,2022-09-17 01:38:39,24.8,125.2833,84.47,84,75,18.41
277,Windsor,CA,2022-09-17 01:35:26,42.3001,-83.0165,75.52,83,0,5.75
278,Ryotsu,JP,2022-09-17 01:39:40,38.0833,138.4333,79.66,61,100,4.32
279,Tomatlan,MX,2022-09-17 01:39:40,19.9333,-105.25,77.74,92,100,0.94
280,Saint-Paul-Les-Dax,FR,2022-09-17 01:39:41,43.7272,-1.0516,63.12,86,49,4.61
281,Maniitsoq,GL,2022-09-17 01:39:41,65.4167,-52.9,46.72,82,100,8.08
282,Ulaangom,MN,2022-09-17 01:39:41,49.9811,92.0667,43.97,82,100,4.09
283,Neuquen,AR,2022-09-17 01:39:42,-38.9516,-68.0591,62.49,29,0,5.75
284,Tuktoyaktuk,CA,2022-09-17 01:39:42,69.4541,-133.0374,41.0,81,100,4.61
285,Taos,US,2022-09-17 01:38:08,36.4072,-105.5731,72.0,32,0,11.5
286,Bac Lieu,VN,2022-09-17 01:39:42,9.285,105.7244,84.76,72,33,12.39
287,Encheng,CN,2022-09-17 01:39:43,22.1839,112.3026,88.12,62,0,1.48
288,Gaya,IN,2022-09-17 01:39:43,24.7833,85.0,78.71,100,75,0.0
289,Tual,ID,2022-09-17 01:39:44,-5.6667,132.75,82.02,71,100,7.2
290,Hokitika,NZ,2022-09-17 01:39:44,-42.7167,170.9667,53.85,57,100,5.86
291,Sovetskaya,RU,2022-09-17 01:39:44,44.7769,41.1722,64.53,58,39,2.66
292,Luwingu,ZM,2022-09-17 01:39:45,-10.2621,29.9271,58.14,55,47,4.83
293,Bilibino,RU,2022-09-17 01:39:45,68.0546,166.4372,36.18,74,100,9.91
294,Warmbad,NA,2022-09-17 01:39:45,-28.45,18.7333,70.16,35,100,2.73
295,Shache,CN,2022-09-17 01:39:46,38.4167,77.2406,73.81,20,100,4.54
296,Dingle,PH,2022-09-17 01:39:46,10.9995,122.6711,85.12,71,87,11.03
297,Pimentel,PE,2022-09-17 01:39:46,-6.8367,-79.9342,63.91,87,100,12.41
298,Beringovskiy,RU,2022-09-17 01:39:47,63.05,179.3167,45.77,95,100,20.56
299,Grand Gaube,MU,2022-09-17 01:39:47,-20.0064,57.6608,70.38,69,0,19.08
300,Dunedin,NZ,2022-09-17 01:36:17,-45.8742,170.5036,54.81,61,35,8.01
301,Henties Bay,NA,2022-09-17 01:39:47,-22.116,14.2845,55.71,97,43,6.08
302,Chabahar,IR,2022-09-17 01:39:48,25.2919,60.643,80.87,84,0,6.31
303,Naze,JP,2022-09-17 01:39:48,28.3667,129.4833,79.72,89,90,29.75
304,Ulaanbaatar,MN,2022-09-17 01:36:13,47.9077,106.8832,41.13,70,75,13.42
305,Marienburg,PL,2022-09-17 01:39:49,54.0359,19.0266,52.88,72,35,13.18
306,Fairbanks,US,2022-09-17 01:37:41,64.8378,-147.7164,60.76,56,75,4.61
307,Namwala,ZM,2022-09-17 01:39:49,-15.7504,26.4384,64.87,50,4,4.7
308,Mitsamiouli,KM,2022-09-17 01:39:50,-11.3847,43.2844,73.65,73,0,6.08
309,Wakkanai,JP,2022-09-17 01:39:50,45.4094,141.6739,66.18,82,75,9.22
310,Pochutla,MX,2022-09-17 01:39:50,15.7432,-96.4661,75.81,86,47,8.68
311,Ancud,CL,2022-09-17 01:39:51,-41.8697,-73.8203,39.22,75,86,5.55
312,Lillooet,CA,2022-09-17 01:39:51,50.6856,-121.942,50.2,93,99,1.52
313,Ostrovnoy,RU,2022-09-17 01:39:51,68.0531,39.5131,48.67,99,100,6.78
314,Hasaki,JP,2022-09-17 01:39:52,35.7333,140.8333,88.29,69,100,10.22
315,Lavrentiya,RU,2022-09-17 01:39:52,65.5833,-171.0,44.24,92,100,22.66
316,La Primavera,CO,2022-09-17 01:39:53,5.4906,-70.4092,72.61,96,100,3.87
317,Nouadhibou,MR,2022-09-17 01:39:53,20.931,-17.0347,73.38,78,0,21.85
318,Seymchan,RU,2022-09-17 01:39:53,62.8833,152.4333,42.57,51,97,13.02
319,Paka,MY,2022-09-17 01:39:54,4.6374,103.4368,82.33,83,20,0.0
320,Carutapera,BR,2022-09-17 01:35:20,-1.195,-46.02,77.2,84,80,6.08
321,Doba,TD,2022-09-17 01:36:13,8.65,16.85,71.06,98,100,3.47
322,Tura,IN,2022-09-17 01:39:54,25.5198,90.2201,76.44,94,53,5.39
323,Leshukonskoye,RU,2022-09-17 01:39:55,64.8989,45.7622,46.96,98,98,5.91
324,Ust-Tsilma,RU,2022-09-17 01:40:55,65.441,52.1498,47.62,87,96,4.76
325,Sakakah,SA,2022-09-17 01:40:56,29.9697,40.2064,80.17,23,0,7.31
326,Kavieng,PG,2022-09-17 01:40:56,-2.5744,150.7967,85.75,61,23,12.08
327,Sur,OM,2022-09-17 01:40:56,22.5667,59.5289,84.94,67,75,4.88
328,Bambanglipuro,ID,2022-09-17 01:40:57,-7.95,110.2833,80.73,70,100,10.67
329,Kourou,GF,2022-09-17 01:40:57,5.1552,-52.6478,78.85,92,42,8.3
330,Akdepe,TM,2022-09-17 01:40:58,42.0551,59.3788,59.09,63,8,7.4
331,Colorines,MX,2022-09-17 01:40:58,19.2,-100.1667,62.33,96,100,5.14
332,Berlevag,NO,2022-09-17 01:40:58,70.8578,29.0864,46.4,93,100,24.16
333,Kargasok,RU,2022-09-17 01:40:59,59.0556,80.8572,48.36,86,99,2.82
334,Kashin,RU,2022-09-17 01:40:59,57.3592,37.6081,42.76,94,0,7.43
335,Kingsland,US,2022-09-17 01:40:59,30.8,-81.6898,80.91,72,100,4.14
336,Yurty,RU,2022-09-17 01:41:00,56.0498,97.6348,46.24,60,95,1.68
337,Phan Thiet,VN,2022-09-17 01:41:00,10.9333,108.1,86.68,62,62,10.38
338,Markdale,CA,2022-09-17 01:41:00,44.3168,-80.6497,60.03,95,100,8.19
339,Avera,US,2022-09-17 01:41:01,33.194,-82.5271,71.11,63,0,6.73
340,Sangar,RU,2022-09-17 01:41:01,63.9242,127.4739,39.22,97,100,4.07
341,Chirongui,YT,2022-09-17 01:41:02,-12.9319,45.1483,73.33,69,25,5.23
342,Lata,PT,2022-09-17 01:41:02,40.1629,-8.3327,67.82,93,98,2.71
343,Carolina,PR,2022-09-17 01:36:39,18.3808,-65.9574,80.85,91,96,10.63
344,Flin Flon,CA,2022-09-17 01:41:02,54.7682,-101.865,53.55,65,24,6.29
345,Wukari,NG,2022-09-17 01:41:03,7.85,9.7833,70.79,98,100,3.11
346,Abnub,EG,2022-09-17 01:41:03,27.2696,31.1511,73.62,37,0,5.99
347,Tongzi,CN,2022-09-17 01:41:04,28.7829,105.0877,73.89,88,100,3.06
348,Nanortalik,GL,2022-09-17 01:41:04,60.1432,-45.2371,47.3,89,100,9.44
349,Vila Franca Do Campo,PT,2022-09-17 01:41:04,37.7167,-25.4333,72.19,92,79,5.3
350,Payo,ID,2022-09-17 01:41:05,-3.7508,103.6372,83.73,65,75,1.66
351,Riosucio,CO,2022-09-17 01:41:05,5.4216,-75.7032,60.13,99,100,1.88
352,Pierre,US,2022-09-17 01:41:06,44.3683,-100.351,71.85,67,0,7.0
353,Atar,MR,2022-09-17 01:41:06,20.5169,-13.0499,84.69,30,3,9.33
354,Pampierstad,ZA,2022-09-17 01:41:06,-27.7832,24.6877,60.37,29,17,8.05
355,Bandarbeyla,SO,2022-09-17 01:41:07,9.4942,50.8122,78.1,76,39,23.6
356,Buin,CL,2022-09-17 01:41:07,-33.7333,-70.75,57.74,94,100,2.57
357,Pacific Grove,US,2022-09-17 01:38:27,36.6177,-121.9166,69.39,82,75,10.36
358,Camacha,PT,2022-09-17 01:41:07,33.0833,-16.3333,71.02,88,40,13.8
359,Vitim,RU,2022-09-17 01:41:08,59.4511,112.5578,48.18,64,99,9.73
360,Santa Vitoria Do Palmar,BR,2022-09-17 01:38:25,-33.5189,-53.3681,56.48,78,0,11.12
361,Cayenne,GF,2022-09-17 01:40:39,4.9333,-52.3333,78.84,83,0,3.44
362,Gafargaon,BD,2022-09-17 01:41:08,24.4333,90.5667,80.78,87,35,5.86
363,Ozinki,RU,2022-09-17 01:41:09,51.1786,49.6769,60.28,86,100,10.94
364,Palmer,US,2022-09-17 01:41:09,42.1584,-72.3287,60.85,82,75,4.61
365,Buala,SB,2022-09-17 01:41:09,-8.145,159.5921,84.9,67,40,4.45
366,Locri,IT,2022-09-17 01:41:10,38.2414,16.2623,81.32,79,100,7.92
367,Vaxjo,SE,2022-09-17 01:41:10,56.8777,14.8091,46.45,100,67,5.75
368,Ust-Omchug,RU,2022-09-17 01:41:11,61.15,149.6333,41.47,53,75,8.75
369,Channel-Port Aux Basques,CA,2022-09-17 01:41:11,47.5702,-59.1367,55.17,82,91,25.34
370,Whitley Bay,GB,2022-09-17 01:41:11,55.0397,-1.4471,48.11,80,0,8.05
371,Langsa,ID,2022-09-17 01:41:12,4.4683,97.9683,81.25,78,88,2.77
372,Mbandaka,CD,2022-09-17 01:42:12,0.0487,18.2603,69.62,97,98,2.82
373,Saskylakh,RU,2022-09-17 01:42:13,71.9167,114.0833,34.02,95,100,22.79
374,Alofi,NU,2022-09-17 01:42:13,-19.0595,-169.9187,84.09,58,0,10.36
375,Quang Ngai,VN,2022-09-17 01:38:34,15.1167,108.8,85.86,66,4,3.11
376,Batagay,RU,2022-09-17 01:42:13,67.6333,134.6333,45.91,54,100,14.03
377,Saint-Philippe,RE,2022-09-17 01:42:14,-21.3585,55.7679,67.59,83,44,15.99
378,La Esperanza,GT,2022-09-17 01:42:14,14.8667,-91.5667,57.07,99,100,0.65
379,Salinopolis,BR,2022-09-17 01:42:15,-0.6136,-47.3561,79.97,78,84,13.15
380,Paracuru,BR,2022-09-17 01:40:25,-3.41,-39.0306,79.11,80,23,12.26
381,Ambilobe,MG,2022-09-17 01:42:16,-13.2,49.05,64.89,80,1,4.61
382,Aklavik,CA,2022-09-17 01:42:16,68.2191,-135.0107,38.7,95,100,6.64
383,Labuhan,ID,2022-09-17 01:42:16,-6.8844,112.2051,84.72,58,66,6.11
384,Vao,NC,2022-09-17 01:42:17,-22.6667,167.4833,71.42,70,81,15.7
385,Broken Hill,AU,2022-09-17 01:42:17,-31.95,141.4333,58.42,50,56,26.35
386,Salalah,OM,2022-09-17 01:42:17,17.0151,54.0924,78.89,94,75,8.05
387,Seguela,CI,2022-09-17 01:42:18,7.9611,-6.6731,70.11,98,100,5.35
388,Mexico,PH,2022-09-17 01:42:18,15.0646,120.7198,85.71,68,62,4.63
389,Anshun,CN,2022-09-17 01:42:18,26.25,105.9333,68.95,85,92,5.32
390,Corning,US,2022-09-17 01:40:01,42.1428,-77.0547,64.78,84,0,4.61
391,Cabo San Lucas,MX,2022-09-17 01:41:31,22.8909,-109.9124,87.06,81,0,9.86
392,Santa Cruz,BO,2022-09-17 01:42:19,-17.8,-63.1667,71.06,60,20,4.61
393,Ponta Delgada,PT,2022-09-17 01:42:20,37.7333,-25.6667,72.5,88,20,5.75
394,Alice Springs,AU,2022-09-17 01:42:20,-23.7,133.8833,67.55,30,0,10.36
395,Carahue,CL,2022-09-17 01:42:20,-38.7,-73.1667,38.05,99,100,0.38
396,Nadym,RU,2022-09-17 01:42:21,65.5333,72.5167,52.5,65,100,12.33
397,Matara,LK,2022-09-17 01:42:21,5.9485,80.5353,80.08,73,82,10.38
398,Zhigansk,RU,2022-09-17 01:42:21,66.7697,123.3711,39.76,66,43,16.91
399,Belmonte,BR,2022-09-17 01:42:22,-15.8631,-38.8828,71.51,83,0,3.78
400,Williams Lake,CA,2022-09-17 01:42:22,52.1415,-122.1445,49.57,81,75,4.61
401,Bullhead City,US,2022-09-17 01:42:22,35.1478,-114.5683,98.02,16,0,4.0
402,Arcata,US,2022-09-17 01:42:23,40.8665,-124.0828,61.2,79,0,12.66
403,Tessalit,ML,2022-09-17 01:42:23,20.1986,1.0114,87.26,36,91,12.73
404,Atbasar,KZ,2022-09-17 01:42:23,51.8,68.3333,45.77,50,6,11.99
405,Heiligenhafen,DE,2022-09-17 01:42:24,54.3667,10.9833,53.74,87,78,20.71
406,Mutoko,ZW,2022-09-17 01:42:24,-17.397,32.2268,52.09,59,0,3.69
407,Mayo,US,2022-09-17 01:42:24,38.8876,-76.5119,69.75,91,0,0.0
408,Kendari,ID,2022-09-17 01:42:25,-3.945,122.4989,84.65,65,100,1.61
409,Scarborough,GB,2022-09-17 01:42:25,54.2797,-0.4044,48.9,86,88,1.01
410,Sokolo,ML,2022-09-17 01:42:26,14.7328,-6.1219,80.01,69,100,6.38
411,Nabire,ID,2022-09-17 01:42:26,-3.3667,135.4833,75.16,97,100,6.42
412,Mehamn,NO,2022-09-17 01:42:27,71.0357,27.8492,46.35,93,100,18.41
413,Ovsyanka,RU,2022-09-17 01:42:27,55.9575,92.5519,41.97,61,96,2.26
414,Lagoa,PT,2022-09-17 01:42:27,39.05,-27.9833,72.73,83,41,11.77
415,Necochea,AR,2022-09-17 01:42:28,-38.5473,-58.7368,57.38,68,100,15.46
416,Glendive,US,2022-09-17 01:42:28,47.1053,-104.7125,65.82,66,0,10.36
417,Juneau,US,2022-09-17 01:42:28,58.3019,-134.4197,57.97,81,20,8.05
418,Kristianstad,SE,2022-09-17 01:42:29,56.0313,14.1524,51.94,94,64,8.05
419,Alta Floresta,BR,2022-09-17 01:43:29,-9.8756,-56.0861,84.06,40,100,3.98
420,Yumen,CN,2022-09-17 01:43:29,40.2833,97.2,65.62,25,0,10.83
421,Tsogni,GA,2022-09-17 01:43:30,-2.7942,10.0988,73.49,87,93,4.29
422,Mulege,MX,2022-09-17 01:43:30,26.8833,-111.9833,85.96,53,0,2.44
423,Pemagatsel,BT,2022-09-17 01:43:30,27.0319,91.4266,67.05,86,39,1.34
424,Miandrivazo,MG,2022-09-17 01:43:31,-19.5167,45.4667,70.38,72,0,3.04
425,Namibe,AO,2022-09-17 01:43:31,-15.1961,12.1522,67.64,82,98,6.76
426,Upata,VE,2022-09-17 01:43:31,8.0086,-62.3989,71.56,95,100,1.52
427,Mirzapur,IN,2022-09-17 01:43:32,25.15,82.5833,80.56,84,100,4.18
428,Santa Maria Da Boa Vista,BR,2022-09-17 01:43:32,-8.8078,-39.8256,75.36,54,85,17.22
429,Mehran,IR,2022-09-17 01:43:32,33.1222,46.1646,80.64,17,0,8.63
430,Steamboat Springs,US,2022-09-17 01:43:33,40.485,-106.8317,55.96,69,40,6.91
431,Puerto Lempira,HN,2022-09-17 01:43:33,15.2667,-83.7667,78.78,89,100,6.08
432,Fairlie,GB,2022-09-17 01:43:33,55.756,-4.8556,46.22,87,5,9.75
433,Mayaky,UA,2022-09-17 01:43:34,47.4408,29.5599,59.94,82,95,6.22
434,Ostersund,SE,2022-09-17 01:43:34,63.1792,14.6357,48.65,93,100,9.22
435,Cotonou,BJ,2022-09-17 01:43:35,6.3654,2.4183,76.98,88,40,13.8
436,Punakha,BT,2022-09-17 01:43:35,27.5837,89.8598,75.49,85,71,1.66
437,Buraydah,SA,2022-09-17 01:43:35,26.326,43.975,77.45,22,0,7.81
438,Bandundu,CD,2022-09-17 01:43:36,-3.3167,17.3667,73.29,88,100,3.53
439,Nizwa,OM,2022-09-17 01:43:36,22.9333,57.5333,87.39,21,7,4.59
440,Dalbandin,PK,2022-09-17 01:43:36,28.8947,64.4101,81.09,12,0,6.04
441,Wagar,SD,2022-09-17 01:43:37,16.1525,36.2032,84.47,50,64,9.22
442,Tiksi,RU,2022-09-17 01:43:37,71.6872,128.8694,36.75,97,100,7.27
443,Uvinza,TZ,2022-09-17 01:43:38,-5.1036,30.3911,69.53,51,4,2.39
444,San Cristobal,VE,2022-09-17 01:43:38,7.7669,-72.225,73.58,95,99,2.01
445,Jalu,LY,2022-09-17 01:43:38,29.0331,21.5482,75.61,36,0,6.71
446,Ust-Kan,RU,2022-09-17 01:43:39,50.9276,84.761,36.34,84,87,1.7
447,Geraldton,AU,2022-09-17 01:39:52,-28.7667,114.6,61.21,82,0,8.05
448,Salekhard,RU,2022-09-17 01:43:39,66.53,66.6019,49.3,71,100,6.44
449,Wencheng,CN,2022-09-17 01:43:39,33.0559,113.7978,84.72,42,0,0.89
450,Nioki,CD,2022-09-17 01:43:40,-2.7167,17.6833,71.02,95,98,2.08
451,Wageningen,NL,2022-09-17 01:43:40,51.9667,5.6667,52.95,91,75,6.91
452,Mbuji-Mayi,CD,2022-09-17 01:43:41,-6.15,23.6,72.54,78,73,3.8
453,Lago Da Pedra,BR,2022-09-17 01:43:41,-4.3333,-45.1667,74.55,84,47,4.23
454,Chaman,PK,2022-09-17 01:43:41,30.9236,66.4512,72.34,16,0,4.29
455,Gamba,GA,2022-09-17 01:43:42,-2.65,10.0,74.37,85,92,4.59
456,Amga,RU,2022-09-17 01:43:42,60.8953,131.9608,51.49,48,12,9.13
457,Fukuma,JP,2022-09-17 01:43:42,33.7667,130.4667,82.29,75,100,8.39
458,Vanavara,RU,2022-09-17 01:43:43,60.34,102.2797,45.72,73,75,9.31
459,Acapulco,MX,2022-09-17 01:39:21,16.8634,-99.8901,80.42,83,100,9.22
460,Erzin,TR,2022-09-17 01:43:43,36.9559,36.2,72.45,79,0,2.35
461,Xiamen,CN,2022-09-17 01:43:44,24.4798,118.0819,84.25,79,20,4.47
462,Roma,US,2022-09-17 01:43:44,43.2128,-75.4557,57.09,91,100,1.01
463,Kirksville,US,2022-09-17 01:43:45,40.1948,-92.5833,72.05,77,100,8.05
464,Balykshi,KZ,2022-09-17 01:43:45,47.0667,51.8667,66.2,68,40,13.42
465,Werda,BW,2022-09-17 01:43:45,-25.2667,23.2833,63.77,25,0,8.88
466,Florianopolis,BR,2022-09-17 01:43:46,-27.6146,-48.5012,57.63,91,40,1.14
467,Gornopravdinsk,RU,2022-09-17 01:43:46,60.05,69.9,49.68,66,99,7.14
468,Halifax,CA,2022-09-17 01:43:54,44.6453,-63.5724,59.0,57,44,18.41
469,Napier,NZ,2022-09-17 01:44:46,-39.4833,176.9167,58.28,70,42,5.99
470,Dustlik,UZ,2022-09-17 01:44:47,40.5247,68.0358,64.42,18,27,0.58
471,Barstow,US,2022-09-17 01:42:33,34.8986,-117.0228,88.79,18,0,10.22
472,Lasa,IT,2022-09-17 01:44:47,46.6166,10.7002,55.36,95,99,7.9
473,Meadow Lake,US,2022-09-17 01:44:48,34.8014,-106.5436,83.68,30,0,9.1
474,Clarksville,US,2022-09-17 01:43:38,36.5298,-87.3595,77.25,74,0,0.0
475,Kuryk,KZ,2022-09-17 01:44:48,43.2,51.65,69.4,47,38,10.78
476,Ixtapa,MX,2022-09-17 01:44:48,20.7,-105.2,78.49,96,100,2.17
477,Kurilsk,RU,2022-09-17 01:44:49,45.2333,147.8833,64.17,71,84,11.7
478,Iberia,US,2022-09-17 01:41:08,29.9502,-91.7507,80.67,69,0,0.0
479,Ubatuba,BR,2022-09-17 01:44:49,-23.4339,-45.0711,64.49,84,98,3.62
480,Esik,KZ,2022-09-17 01:44:50,43.3552,77.4525,44.02,27,2,3.58
481,Amparafaravola,MG,2022-09-17 01:44:50,-17.5833,48.2167,53.65,90,56,1.81
482,Sal Rei,CV,2022-09-17 01:44:51,16.1833,-22.9167,78.6,78,88,13.44
483,Augustow,PL,2022-09-17 01:44:51,53.8432,22.9798,51.58,69,89,12.75
484,West Bay,KY,2022-09-17 01:44:51,19.3667,-81.4167,85.06,83,20,6.91
485,Akyab,MM,2022-09-17 01:44:52,20.15,92.9,81.07,83,69,5.21
486,Olga,RU,2022-09-17 01:44:52,43.7444,135.2892,58.8,98,100,2.44
487,Dali,CN,2022-09-17 01:44:52,25.7,100.1833,64.98,92,100,2.3
488,Porto Novo,BJ,2022-09-17 01:44:53,6.4965,2.6036,76.82,92,80,5.32
489,Isa Khel,AF,2022-09-17 01:44:53,36.6702,68.8443,71.29,15,0,4.14
490,Kalaleh,IR,2022-09-17 01:44:53,37.3807,55.4916,61.16,62,1,2.62
491,Pemberton,CA,2022-09-17 01:44:54,50.3164,-122.8027,60.49,81,8,4.52
492,Boa Vista,BR,2022-09-17 01:44:54,2.8197,-60.6733,84.18,61,40,6.91
493,Lisakovsk,KZ,2022-09-17 01:44:54,52.5369,62.4936,49.14,43,17,8.95
494,San Rafael,AR,2022-09-17 01:44:55,-34.6177,-68.3301,65.75,27,93,15.37
495,Mayumba,GA,2022-09-17 01:44:55,-3.432,10.6554,73.92,88,100,5.32
496,Kindersley,CA,2022-09-17 01:41:48,51.4668,-109.1682,59.02,77,100,3.44
497,Moussoro,TD,2022-09-17 01:44:56,13.6408,16.4901,73.96,87,100,10.29
498,Port Hardy,CA,2022-09-17 01:44:56,50.6996,-127.4199,55.58,88,75,2.3
499,The Pas,CA,2022-09-17 01:44:56,53.8251,-101.2541,59.02,51,0,4.61
500,Sheridan,US,2022-09-17 01:42:50,44.8333,-106.9173,57.58,88,100,20.71
501,Spearfish,US,2022-09-17 01:43:13,44.4908,-103.8594,60.1,91,100,6.91
502,Naron,ES,2022-09-17 01:44:57,43.5167,-8.1528,63.03,80,100,11.79
503,Nipawin,CA,2022-09-17 01:44:57,53.3668,-104.0009,59.04,62,0,6.91
504,Dicabisagan,PH,2022-09-17 01:44:58,17.0818,122.4157,86.13,67,99,3.96
505,Padang,ID,2022-09-17 01:44:58,-0.9492,100.3543,82.45,78,50,3.76
506,Karratha,AU,2022-09-17 01:44:58,-20.7377,116.8463,82.02,20,13,17.63
507,Sioux Lookout,CA,2022-09-17 01:41:59,50.1001,-91.917,50.07,93,100,4.61
508,Clyde River,CA,2022-09-17 01:41:17,70.4692,-68.5914,35.83,100,100,11.5
509,Kefamenanu,ID,2022-09-17 01:44:59,-9.4467,124.4781,90.01,28,95,6.51
510,Challapata,BO,2022-09-17 01:44:59,-18.9,-66.7667,45.41,20,17,3.89
511,Ciudad Real,ES,2022-09-17 01:45:00,39.0,-4.0,68.11,63,0,5.01
512,Celendin,PE,2022-09-17 01:45:00,-6.8703,-78.1517,55.11,83,58,4.0
513,Ilo,PE,2022-09-17 01:45:00,-17.6394,-71.3375,59.45,80,41,1.81
514,Kemin,KG,2022-09-17 01:46:01,42.7846,75.6892,64.38,22,4,1.79
515,College,US,2022-09-17 01:46:01,64.8569,-147.8028,61.07,56,75,4.61
516,Astana,KZ,2022-09-17 01:46:02,51.1801,71.446,31.95,80,0,8.95
517,Houma,US,2022-09-17 01:41:42,29.5958,-90.7195,80.01,83,0,8.05
518,Sovetskiy,RU,2022-09-17 01:46:02,61.3614,63.5842,46.8,70,100,7.27
519,Heihe,CN,2022-09-17 01:46:03,50.2441,127.4902,55.98,66,100,7.85
520,Jackson,US,2022-09-17 01:44:35,42.4165,-122.8345,78.67,36,0,14.97
521,Tabursuq,TN,2022-09-17 01:46:03,36.4569,9.2475,64.69,72,98,4.68
522,Warri,NG,2022-09-17 01:46:03,5.5167,5.75,74.05,95,100,2.21
523,Yuanping,CN,2022-09-17 01:46:04,38.7153,112.7575,74.44,48,71,0.83
524,Taganak,PH,2022-09-17 01:46:05,6.0833,118.3,84.34,78,100,6.2
525,Eyl,SO,2022-09-17 01:46:05,7.9803,49.8164,76.78,77,36,17.2
526,Huittinen,FI,2022-09-17 01:46:05,61.1833,22.7,49.15,97,100,2.42
527,Tobias Barreto,BR,2022-09-17 01:46:06,-11.1839,-37.9983,66.34,93,0,3.62
528,Xinzhou,CN,2022-09-17 01:46:07,38.4092,112.7333,73.67,52,93,1.68
529,Sao Filipe,CV,2022-09-17 01:46:07,14.8961,-24.4956,77.81,84,15,8.79
530,Richards Bay,ZA,2022-09-17 01:46:07,-28.783,32.0377,70.95,65,5,14.0
531,Minab,IR,2022-09-17 01:46:08,27.1467,57.0801,86.32,74,0,0.0
532,Tilichiki,RU,2022-09-17 01:46:08,60.4667,166.1,47.35,55,67,19.53
533,Sambava,MG,2022-09-17 01:46:08,-14.2667,50.1667,66.63,87,10,9.24
534,Lamlash,GB,2022-09-17 01:46:09,55.5336,-5.1296,40.48,78,5,9.98
535,Milkovo,RU,2022-09-17 01:46:09,54.7167,158.6167,54.12,46,91,13.49
536,Jurm,AF,2022-09-17 01:46:09,36.8648,70.8342,59.61,35,3,1.54
537,Bassano,CA,2022-09-17 01:46:10,50.7834,-112.4685,66.69,36,18,15.97
538,Powell,US,2022-09-17 01:41:23,40.1578,-83.0752,70.47,85,0,0.0
539,Soe,ID,2022-09-17 01:46:10,-9.8607,124.284,86.9,23,77,7.78
540,Karwar,IN,2022-09-17 01:46:11,14.8,74.1333,77.58,87,83,5.5
541,Kemijarvi,FI,2022-09-17 01:46:11,66.7131,27.4306,46.44,97,100,10.78
542,San Francisco,US,2022-09-17 01:42:21,37.7749,-122.4194,71.33,80,20,27.0
543,Poum,NC,2022-09-17 01:46:11,-20.2333,164.0167,75.97,65,0,15.21
544,Pec,XK,2022-09-17 01:46:12,42.6591,20.2883,62.37,93,63,4.36
545,Shymkent,KZ,2022-09-17 01:46:12,42.3,69.6,61.39,34,0,8.95
546,Vinh,VN,2022-09-17 01:46:13,18.6667,105.6667,82.83,78,99,3.65
547,Dunda,TZ,2022-09-17 01:46:13,-8.1167,34.25,60.49,74,7,2.51
548,Ukiah,US,2022-09-17 01:46:14,39.1502,-123.2078,78.69,31,0,5.75
549,Samarai,PG,2022-09-17 01:46:14,-10.6167,150.6667,84.09,74,19,13.8
550,Kamenka,RU,2022-09-17 01:46:14,51.3223,42.7678,59.95,93,100,8.57
551,Winnemucca,US,2022-09-17 01:46:15,40.973,-117.7357,75.25,20,0,6.91
552,Caarapo,BR,2022-09-17 01:46:15,-22.6342,-54.8222,61.65,72,0,6.85
553,Saint-Joseph,RE,2022-09-17 01:46:16,-21.3667,55.6167,66.58,79,22,15.43
554,Okhotsk,RU,2022-09-17 01:46:16,59.3833,143.3,51.33,41,0,15.75
555,Tayoltita,MX,2022-09-17 01:46:16,24.0833,-105.9333,70.05,90,58,4.92
556,Shelton,US,2022-09-17 01:45:09,41.3165,-73.0932,66.22,73,0,8.05
557,Majene,ID,2022-09-17 01:46:17,-3.5403,118.9707,83.26,68,100,7.25
558,Karpathos,GR,2022-09-17 01:46:17,35.507,27.2132,69.76,88,0,10.36
559,Hastings,GB,2022-09-17 01:47:18,50.8552,0.5729,49.32,70,13,13.09
560,Matamoros,MX,2022-09-17 01:47:18,25.5333,-103.25,83.1,44,0,5.64
561,Kosh-Agach,RU,2022-09-17 01:47:18,50.0,88.6667,34.65,66,79,0.31
562,Toba,JP,2022-09-17 01:47:19,34.4833,136.85,84.2,78,100,26.44
563,Monte Carmelo,BR,2022-09-17 01:47:19,-18.7247,-47.4986,69.17,60,12,6.73
564,Dukat,RU,2022-09-17 01:47:19,62.55,155.55,32.52,75,100,14.16
565,Lufilufi,WS,2022-09-17 01:47:20,-13.8745,-171.5986,89.38,81,42,20.67
566,Skaerbaek,DK,2022-09-17 01:47:20,55.1573,8.769,55.29,71,100,24.27
567,Susanville,US,2022-09-17 01:44:59,40.4163,-120.653,75.09,28,0,11.5
568,Trelew,AR,2022-09-17 01:47:21,-43.249,-65.3051,44.47,79,99,10.36
569,Laguna,US,2022-09-17 01:47:21,38.421,-121.4238,85.42,38,0,6.91
570,Marsh Harbour,BS,2022-09-17 01:47:21,26.5412,-77.0636,83.7,74,40,11.21
571,Taksimo,RU,2022-09-17 01:47:22,56.3444,114.8794,49.51,47,100,3.09
572,Gairo,IT,2022-09-17 01:47:22,39.8497,9.5047,70.81,78,0,8.39
573,Jacmel,HT,2022-09-17 01:47:22,18.2342,-72.5347,85.84,77,100,5.95
574,San Vicente,AR,2022-09-17 01:47:23,-26.6167,-54.1333,54.16,78,0,3.91
575,Kuchurhan,UA,2022-09-17 01:47:23,47.163,29.7894,62.42,81,98,7.99
576,Saint-Lo,FR,2022-09-17 01:47:24,49.1162,-1.0903,54.03,68,6,4.05
577,Maicao,CO,2022-09-17 01:47:24,11.3832,-72.2432,80.51,79,84,5.06
578,Srandakan,ID,2022-09-17 01:47:24,-7.9386,110.2506,80.62,71,100,10.38
579,Ballina,AU,2022-09-17 01:47:25,-28.8667,153.5667,79.79,62,100,5.26
580,Roebourne,AU,2022-09-17 01:47:25,-20.7833,117.1333,81.7,21,19,16.44
581,San Patricio,US,2022-09-17 01:44:22,28.017,-97.5169,85.86,69,48,10.07
582,Bellavista,PE,2022-09-17 01:47:26,-7.0561,-76.5911,72.07,88,66,1.05
583,Kozhevnikovo,RU,2022-09-17 01:47:26,56.2589,83.9714,47.25,83,49,3.6
584,Coxim,BR,2022-09-17 01:45:06,-18.5067,-54.76,80.1,44,90,2.73
585,Te Anau,NZ,2022-09-17 01:44:40,-45.4167,167.7167,51.51,59,100,1.48
